{"cameraMode":{"drawMode":0,"name":"Shaded","section":"Shading Mode"},"sceneLighting":true,"audioPlay":false,"sceneViewState":{"showFog":true,"showMaterialUpdate":true,"showSkybox":true,"showFlares":true,"showImageEffects":true,"showParticleSystems":true},"in2DMode":false,"pivot":{"x":7.306039333343506,"y":-2.3744184970855715,"z":-12.323023796081543},"rotation":{"x":0.1292230635881424,"y":0.7770183682441711,"z":-0.16952668130397798,"w":0.592289388179779},"size":10.0,"orthographic":false}